Symbol,Volume
AACG,15000
AADI,74000
AADR,100
AAL,21625300
AAME,10300
AAOI,2906600
AAON,445100
AAPB,63600
AAPD,200700
AAPL,45986100
AAPU,400200
AAXJ,510700
ABAT,267700
ABCL,1757700
ABCS,1200
ABEO,212700
ABL,678100
ABLLL,2400
ABLLW,36700
ABLV,19500
ABLVW,100
ABNB,3228400
ABOS,322500
ABP,77200
ABPWW,34000
ABSI,1033300
ABTS,13000
ABUS,608500
ABVC,133900
ABVE,1661100
ABVEW,206500
ABVX,89100
ACAD,1254900
ACB,1532400
ACCD,1027700
ACDC,683000
ACET,1482100
ACGL,1269200
ACGLN,29300
ACGLO,29100
ACHC,1632600
ACHL,44700
ACHV,94600
ACIC,127300
ACIU,82100
ACIW,674600
ACLS,587100
ACLX,459100
ACMR,1879500
ACNB,12700
ACNT,5500
ACOG,148000
ACON,265000
ACRS,1997300
ACRV,27500
ACT,209400
ACTG,126100
ACTU,80400
ACVA,1645900
ACWI,1691500
ACWX,795300
ACXP,448700
ADAG,12800
ADAP,387600
ADBE,2415700
ADD,205700
ADEA,363700
ADGM,76700
ADI,6569000
ADIL,78400
ADMA,2140900
ADN,157100
ADNWW,116100
ADP,1048700
ADPT,1702200
ADSE,82000
ADSEW,24200
ADSK,2519900
ADTN,822500
ADTX,2044300
ADUR,70200
ADUS,130200
ADV,290900
ADVM,133200
ADVWW,1500
ADXN,176700
AEHL,462100
AEHR,771300
AEI,16500
AEIS,383400
AEMD,76100
AENT,47600
AENTW,19200
AEP,2277600
AERT,46100
AEYE,106100
AFBI,2500
AFCG,114100
AFJK,100
AFMD,203100
AFRI,3100
AFRIW,20900
AFRM,8839500
AFYA,94100
AGAE,11600
AGEN,370500
AGFY,465300
AGIO,484500
AGIX,4100
AGMH,142700
AGMI,800
AGNC,22242000
AGNCL,14300
AGNCM,7000
AGNCN,20900
AGNCO,35900
AGNCP,47900
AGNG,4400
AGRI,14603600
AGYS,233700
AGZD,449600
AHCO,705200
AHG,19500
AIA,14700
AIEV,52100
AIFF,135200
AIFU,52100
AIHS,38400
AILE,377500
AILEW,129400
AIMAU,400
AIMD,31600
AIOT,1807200
AIP,223200
AIPI,178500
AIQ,354900
AIRE,68300
AIRG,22800
AIRJ,35600
AIRJW,7400
AIRL,100
AIRR,674300
AIRS,534600
AIRT,16500
AIRTP,3200
AISP,908100
AISPW,23700
AIXI,59400
AKAM,1678600
AKAN,259600
AKBA,3908100
AKRO,397600
AKTS,12751600
AKTX,157600
AKYA,148800
ALAB,4343800
ALAR,228200
ALBT,135600
ALCE,93500
ALCO,32800
ALCYU,100
ALCYW,31400
ALDFU,300
ALDX,432300
ALEC,8130300
ALF,4500
ALFUU,100
ALFUW,62500
ALGM,2158600
ALGN,1612800
ALGS,371600
ALGT,285100
ALHC,1342600
ALKS,1462600
ALKT,1969400
ALLK,70700
ALLO,5295100
ALLR,146300
ALLT,709400
ALMS,68200
ALNT,274700
ALNY,985900
ALOT,1300
ALRM,343200
ALRN,36900
ALRS,132100
ALSA,5800
ALSAW,4400
ALT,2139100
ALTI,57200
ALTO,449800
ALTR,488600
ALTS,49000
ALTY,12900
ALVO,37900
ALVOW,10400
ALVR,319900
ALXO,550400
ALZN,116700
AMAL,176800
AMAT,6517000
AMBA,2367700
AMCX,592200
AMD,32092300
AMDL,3398900
AMDS,9100
AMED,158700
AMGN,17010300
AMID,10700
AMIX,190700
AMKR,950400
AMLI,278000
AMLX,714100
AMPG,337600
AMPGW,2400
AMPH,283700
AMPL,205500
AMRK,192700
AMRN,1913800
AMRX,1077000
AMSC,824800
AMSF,142900
AMST,23200
AMTX,624200
AMWD,545000
AMZD,63400
AMZN,41673700
AMZU,1389400
AMZZ,117900
ANAB,686700
ANDE,191700
ANEB,9000
ANGH,6800
ANGI,815300
ANGL,982700
ANGO,250900
ANIK,108800
ANIP,196800
ANIX,68700
ANL,35000
ANNX,1373000
ANSC,39100
ANSCW,6900
ANSS,510500
ANTE,50700
ANTX,309300
ANY,810000
AOSL,963400
AOTG,100
AOUT,33200
APA,4680400
APCX,84300
APDN,1772800
APEI,88000
APGE,448600
API,1818700
APLD,16050800
APLM,392900
APLMW,698100
APLS,3302000
APLT,2471800
APM,56200
APOG,150200
APP,4442100
APPF,163700
APPN,324600
APPS,3043400
APRE,4900
APTO,627100
APVO,3027900
APWC,3900
APXI,1500
APYX,42700
AQB,23400
AQMS,179400
AQST,1520700
AQWA,1800
ARAY,492200
ARBB,141300
ARBE,330200
ARBEW,7800
ARBK,1211400
ARBKL,4300
ARCB,197200
ARCC,3898200
ARCT,281000
ARDX,3040100
AREB,21700
AREBW,2000
AREC,243800
ARGX,361800
ARHS,1441200
ARKO,365800
ARKR,10200
ARLP,389900
ARM,2605000
AROW,38500
ARQ,354500
ARQQ,1032200
ARQQW,136000
ARQT,2766600
ARRY,4594200
ARTL,8600
ARTNA,31300
ARTV,45100
ARTW,11300
ARVN,407800
ARVR,100
ARWR,8052100
ASET,11900
ASLE,352300
ASMB,39300
ASML,1424000
ASND,508100
ASNS,76400
ASO,1943100
ASPCU,5500
ASPI,28925900
ASPS,99600
ASRT,596700
ASRV,16400
ASST,306900
ASTC,22100
ASTE,186300
ASTH,309000
ASTI,61400
ASTL,825700
ASTLW,45800
ASTS,8295000
ASUR,93200
ASYS,36400
ATAI,1128300
ATAT,981300
ATEC,1012100
ATER,115200
ATEX,313700
ATGL,85100
ATHA,177800
ATHE,6000
ATIF,5400
ATLC,45700
ATLCL,3300
ATLCP,6200
ATLCZ,20700
ATLO,23400
ATLX,192100
ATMC,100
ATMVR,4300
ATNF,51100
ATNFW,6400
ATNI,61200
ATOM,671000
ATOS,709600
ATPC,15500
ATRA,65400
ATRC,333100
ATRO,3259300
ATSG,486900
ATXG,17400
ATXI,14600
ATXS,229800
ATYR,694800
AUBN,1000
AUDC,69100
AUID,73300
AUMI,2300
AUPH,750600
AUR,9537500
AURA,100800
AUROW,17500
AUTL,1802400
AUUD,70200
AVAH,207800
AVAV,437800
AVBP,226300
AVDL,1070800
AVDX,1450700
AVGO,16308700
AVGR,30900
AVGX,144700
AVIR,155400
AVL,13500
AVNW,184500
AVO,269900
AVPT,1872800
AVPTW,46800
AVS,0
AVT,520200
AVTE,165000
AVTX,41700
AVXC,7300
AVXL,2679700
AWH,88700
AWRE,114900
AXDX,51200
AXGN,216300
AXON,619300
AXSM,557800
AXTI,293600
AY,942600
AYRO,40000
AYTU,20100
AZ,73700
AZI,1077200
AZN,4334500
AZPN,545600
AZTA,802500
BABX,128900
BACK,11200
BACQU,3400
BAER,86100
BAERW,45000
BAFE,492500
BAFN,6900
BAND,223000
BANF,77300
BANL,2900
BANR,176800
BANX,5700
BAOS,3900
BASE,164800
BATRA,29000
BATRK,240900
BBCP,109900
BBGI,8800
BBH,10300
BBIO,4317400
BBLG,93100
BBSI,317500
BCAB,637000
BCAL,67200
BCAN,1800
BCAX,245500
BCBP,19500
BCDA,27100
BCG,58000
BCGWW,7100
BCLI,170800
BCML,38200
BCOV,2071200
BCOW,6700
BCPC,96900
BCRX,1432100
BCTX,2556200
BCTXW,736400
BCYC,790900
BDGS,2100
BDMD,141000
BDRX,19500
BDSX,529900
BDTX,402100
BEAGU,76500
BEAM,716200
BEAT,74700
BEATW,1200
BECN,518300
BEEM,259900
BEEZ,300
BELFA,10200
BELFB,67000
BELT,100
BENF,935700
BENFW,37000
BETR,14500
BFC,17000
BFIN,17800
BFRG,107500
BFRGW,1200
BFRI,1143800
BFRIW,1800
BFST,108300
BGC,3680100
BGFV,193300
BGLC,70200
BGM,8500
BGNE,308100
BGRN,16600
BGRO,500
BHAT,792700
BHF,286400
BHFAL,11200
BHFAM,27600
BHFAN,40400
BHFAO,29500
BHFAP,26600
BHIL,20500
BHRB,32600
BHST,17600
BIAF,29200
BIB,13900
BIDU,3131700
BIGC,2373900
BIIB,1418000
BILI,4124500
BIOA,122400
BIOR,134000
BIOX,279300
BIRD,71500
BIS,15500
BITF,48087400
BITS,10000
BIVI,1627800
BJDX,36400
BJK,1900
BJRI,214300
BKCH,73000
BKHA,25600
BKIV,100
BKNG,162700
BKR,4985700
BKWO,0
BKYI,33500
BL,771300
BLACW,6200
BLBD,2410800
BLBX,5900
BLCN,21300
BLCR,100
BLDE,2799100
BLDEW,430700
BLDP,4311200
BLFS,618100
BLFY,44700
BLIN,38700
BLKB,225000
BLLD,100
BLMN,1862700
BLMZ,114100
BLNK,3892700
BLRX,2175900
BLTE,115200
BLUE,3380800
BLZE,734100
BMBL,1551700
BMDL,0
BMEA,717300
BMR,138100
BMRA,147700
BMRC,54700
BMRN,999700
BNAI,117200
BND,5538200
BNDW,35700
BNDX,2725300
BNGO,2293200
BNIXR,400
BNOX,404800
BNR,15600
BNRG,75900
BNTC,21000
BNTX,771400
BNZI,433000
BNZIW,209400
BOCN,1400
BOCNW,20000
BOF,74800
BOKF,87500
BOLD,85000
BOLT,241900
BON,29000
BOOM,230800
BOSC,49200
BOTJ,700
BOTT,300
BOTZ,296700
BOWN,10500
BOXL,89300
BPMC,516400
BPOP,364700
BPRN,7600
BPTH,18500
BPYPM,8800
BPYPN,22900
BPYPO,2700
BPYPP,15400
BRAG,58900
BREA,33200
BRFH,6600
BRHY,100
BRID,9800
BRKH,16100
BRKHW,29400
BRKL,741200
BRKR,1942900
BRLS,4900
BRLSW,23300
BRLT,98000
BRNS,64700
BRNY,8700
BROG,10300
BRRR,280300
BRTR,5000
BRTX,11000
BRY,2348800
BRZE,2788900
BSBK,13600
BSCO,1840600
BSCP,561200
BSCQ,1501100
BSCR,588100
BSCS,886600
BSCT,555900
BSCU,450900
BSCV,344500
BSCW,98000
BSCX,133100
BSCY,18200
BSET,6200
BSFC,67064000
BSGM,212200
BSII,122300
BSIIU,389700
BSIIW,245700
BSJO,283700
BSJP,273700
BSJQ,1057300
BSJR,62800
BSJS,87000
BSJT,54700
BSJU,26100
BSJV,400
BSJW,1400
BSLK,108400
BSMO,24900
BSMP,40400
BSMQ,13400
BSMR,10900
BSMS,21800
BSMT,40400
BSMU,59100
BSMV,130000
BSMW,4200
BSMY,6200
BSRR,57600
BSSX,5600
BSVN,15200
BSVO,88300
BSY,614200
BTAI,495000
BTBD,300
BTBT,26720100
BTCS,759300
BTCT,569200
BTCTW,52900
BTDR,3739900
BTF,65800
BTFX,95600
BTGD,98000
BTM,405500
BTMD,180100
BTMWW,40100
BTOC,442900
BTOG,45300
BTSG,949800
BTSGU,1400
BUFC,61700
BUG,92600
BULD,100
BUSE,232700
BVFL,29400
BVS,377100
BWAY,44900
BWB,64400
BWBBP,2300
BWEN,85500
BWFG,24400
BWIN,328300
BWMN,34900
BYFC,50400
BYND,3994600
BYNOW,61100
BYRN,287000
BYSI,13400
BZ,4187000
BZFD,1207300
BZFDW,33500
BZUN,444500
CA,3300
CAAS,25200
CABA,4921000
CAC,86200
CACC,62500
CADL,492300
CAFG,9600
CAKE,1001300
CALC,30300
CALI,4200
CALM,504800
CAMP,55700
CAMT,476500
CAN,18227600
CANC,3000
CANQ,2500
CAPN,5200
CAPR,1219900
CAPT,505300
CAPTW,100
CAR,365100
CARA,654900
CARE,61700
CARG,806100
CARM,157200
CART,2762800
CARV,6600
CARZ,1600
CASH,119100
CASI,55000
CASK,116800
CASS,37600
CASY,199400
CATH,11600
CATY,243200
CBAT,226500
CBFV,4700
CBLL,182400
CBNK,27100
CBRL,582900
CBSH,494000
CBUS,112200
CCAP,87900
CCB,41100
CCBG,24100
CCCC,1052500
CCCS,2531600
CCD,84100
CCEC,15600
CCEP,1356900
CCG,370100
CCGWW,16300
CCIX,240300
CCIXU,5100
CCIXW,300
CCLD,122200
CCLDO,5200
CCLDP,26700
CCNE,58000
CCNEP,2200
CCNR,105100
CCOI,390000
CCRN,334500
CCSB,500
CCSI,106900
CCSO,2500
CCTG,14500
CDC,17300
CDIO,8222100
CDIOW,200
CDL,3400
CDLX,1086600
CDMO,1391400
CDNA,929000
CDNS,1144000
CDRO,212000
CDROW,33400
CDT,12375800
CDTG,85500
CDTX,32900
CDW,1792700
CDXC,1030300
CDXS,618500
CDZI,4208600
CDZIP,37800
CEAD,12900
CEADW,120400
CECO,291300
CEFA,600
CEG,3881600
CELC,282600
CELH,10645000
CELU,50300
CELUW,1600
CELZ,11000
CENN,114000
CENT,312000
CENTA,476900
CENX,945200
CEP,3600
CERO,8642700
CEROW,11000
CERS,1139200
CERT,1003700
CETX,566000
CETY,10100
CEVA,176000
CFA,7300
CFB,178500
CFBK,21100
CFFI,23600
CFFN,623100
CFFS,4300
CFLT,5739000
CFO,10200
CFSB,900
CG,2262500
CGABL,16000
CGBD,270500
CGBDL,14000
CGBS,498100
CGBSW,47000
CGC,5067200
CGEM,394600
CGEN,406600
CGNT,215100
CGNX,900600
CGO,62600
CGON,269600
CGTL,1496600
CGTX,7019600
CHARU,179100
CHCI,18000
CHCO,52200
CHDN,420800
CHEF,381500
CHEK,6100
CHI,108900
CHKP,626900
CHMG,19000
CHNR,8800
CHPS,200
CHR,6900
CHRD,934000
CHRS,6098900
CHRW,1513700
CHSCL,34900
CHSCM,33600
CHSCN,43200
CHSCO,24200
CHSCP,40800
CHSN,106900
CHTR,1155100
CHW,145500
CHX,1603200
CHY,118600
CIBR,426000
CIFR,9376600
CIFRW,82400
CIGI,53000
CIL,100
CINF,468700
CING,63600
CINGW,8400
CISO,35900
CISS,225400
CITE,200
CITEW,3700
CIVB,53800
CJET,8900
CJJD,4000
CKPT,1652300
CLAR,236600
CLBK,83200
CLBT,1834700
CLDX,3325100
CLEU,193700
CLFD,96500
CLGN,25500
CLIK,108500
CLIR,54000
CLLS,167400
CLMB,28100
CLMT,437600
CLNE,1266100
CLNN,105500
CLNNW,400
CLOA,65000
CLOD,200
CLOU,153300
CLOV,3868100
CLPS,11800
CLPT,109400
CLRB,189900
CLRO,1281600
CLSD,188000
CLSK,37181100
CLSKW,900000
CLSM,10300
CLST,10600
CLWT,22500
CLYM,112700
CMAX,537300
CMAXW,10000
CMBM,91400
CMCO,241000
CMCSA,18392600
CMCT,661400
CME,2752800
CMLS,24700
CMMB,53000
CMND,13700
CMPO,739200
CMPOW,25300
CMPR,106300
CMPS,541600
CMPX,508900
CMRX,92000
CMTL,295200
CNCR,2000
CNDT,1065500
CNET,16200
CNEY,225300
CNFR,1900
CNOB,127900
CNOBP,3700
CNSL,1688600
CNSP,3104100
CNTA,559200
CNTB,49800
CNTM,89600
CNTX,161400
CNTY,287000
CNVS,214600
CNXC,931000
CNXN,65200
COCH,62100
COCHW,230400
COCO,249200
COCP,14800
CODA,23600
CODX,336900
COEP,203800
COEPW,28200
COFS,17100
COGT,827300
COHU,189300
COIN,13215700
COKE,61800
COLB,1303500
COLL,457100
COLM,392900
COMM,3245200
COMT,241200
CONI,582300
CONL,9190500
COO,1312100
COOP,519100
COOT,6900
COOTW,14100
COPJ,6100
COPP,15800
CORT,788800
CORZ,13622200
CORZW,307800
CORZZ,66400
COSM,608000
COST,1438000
COWG,225400
COWS,5400
COYA,86900
CPB,2366200
CPBI,11200
CPHC,400
CPIX,23100
CPLS,5600
CPOP,32600
CPRT,4528000
CPRX,1152800
CPSH,25900
CPSS,29300
CPTN,21700
CPTNW,674500
CPZ,119900
CRAI,30600
CRBP,162000
CRBU,2793300
CRCT,512300
CRDF,543600
CRDL,376600
CRDO,2883400
CREG,36200
CRESW,11400
CRESY,561300
CREV,9600
CREVW,25500
CREX,89900
CRGO,44900
CRGOW,800
CRGX,186400
CRIS,44800
CRKN,16136800
CRMD,1206700
CRML,11200
CRMLW,2300
CRMT,81800
CRNC,3239100
CRNT,2553900
CRNX,368300
CRON,718100
CROX,1313100
CRSP,1189800
CRSR,472000
CRTO,790800
CRUS,502100
CRVL,40600
CRVO,129600
CRVS,393800
CRWD,6951300
CRWL,69100
CRWS,10000
CSA,300
CSB,10200
CSBR,13100
CSCI,3600
CSCO,14209600
CSF,800
CSGP,1913800
CSGS,380200
CSIQ,1574700
CSLMR,1300
CSLR,361800
CSLRW,3100
CSPI,56200
CSQ,211300
CSTE,28300
CSTL,294500
CSWC,199500
CSWCZ,1400
CSWI,110500
CSX,9605800
CTAS,1369600
CTBI,32700
CTCX,112600
CTEC,13200
CTHR,900
CTKB,668800
CTLP,423300
CTMX,851200
CTNM,48800
CTNT,72800
CTOR,106100
CTRM,48600
CTRN,142000
CTSH,2828800
CTSO,129400
CTXR,1735300
CUB,11700
CUBA,27100
CUBWW,15900
CUE,508600
CURI,153200
CURR,6200
CUTR,990900
CVAC,322600
CVBF,861400
CVCO,92500
CVGI,289900
CVGW,226500
CVKD,33400
CVLT,279800
CVRX,190500
CVV,18300
CWBC,63700
CWCO,50500
CWD,102300
CWST,232600
CXAI,839400
CXAIW,21800
CXDO,106300
CXSE,40800
CYBR,246200
CYCC,224300
CYCN,155700
CYN,374900
CYRX,562400
CYTH,28600
CYTK,1092100
CYTO,40500
CZAR,100
CZFS,36700
CZNC,24300
CZR,2313300
CZWI,20200
DADA,625700
DAIO,41700
DAKT,358300
DALI,1700
DALN,120900
DAPP,330300
DARE,38800
DASH,2741000
DATS,117100
DATSW,800
DAVE,284500
DAVEW,69400
DAWN,648500
DAX,1000
DBGI,10157400
DBVT,410800
DBX,2404600
DCAP,200
DCBO,53100
DCGO,602100
DCOM,261700
DCOMG,2800
DCOMP,2400
DCTH,261600
DDI,25100
DDIV,4300
DDOG,4365600
DECO,1700
DEMZ,3300
DENN,854000
DERM,40800
DEVS,26881100
DFGP,131500
DFGX,116800
DFLI,164900
DFLIW,5000
DGCB,75700
DGHI,169500
DGICA,160800
DGICB,1600
DGII,152200
DGLY,73200
DGRE,6900
DGRS,39400
DGRW,537600
DH,621700
DHAI,3000
DHAIW,100
DHC,949000
DHCNI,19800
DHCNL,2600
DHIL,31000
DIBS,75100
DIOD,734600
DIVD,1100
DJCO,6200
DJT,9089200
DJTWW,91100
DKNG,5694000
DLHC,15800
DLO,1222100
DLPN,22200
DLTH,30300
DLTR,3182500
DMAC,175500
DMAT,300
DMLP,143200
DMN,2951600
DMRC,80000
DMXF,28500
DNLI,1197300
DNTH,170500
DNUT,1043700
DOCU,2691100
DOGZ,17400
DOMH,9200
DOMO,176100
DOOO,264300
DORM,181400
DOX,614200
DOYU,72100
DPRO,760600
DRCT,94300
DRIO,412800
DRIV,59500
DRMA,20700
DRRX,65400
DRS,708500
DRTS,127700
DRTSW,57400
DRUG,428500
DRVN,329900
DSGN,141600
DSGR,36100
DSGX,192700
DSP,218600
DSWL,1300
DSY,16300
DSYWW,12800
DTCK,1900
DTCR,94100
DTI,80800
DTIL,79100
DTSQ,75000
DTSQR,109700
DTSS,63300
DTST,50100
DTSTW,1800
DUKH,800
DUKX,2600
DUO,938000
DUOL,875600
DUOT,220700
DVAL,9100
DVAX,1538400
DVLU,200
DVOL,1100
DVY,269400
DWAS,35700
DWAW,500
DWSH,74900
DWSN,6900
DWTX,11100
DWUS,100
DXCM,4142000
DXJS,11300
DXLG,406400
DXPE,210000
DXR,6600
DYAI,47600
DYCQ,11100
DYFI,6200
DYN,1053800
DYNI,17500
DYNXU,78900
DYTA,5100
EA,1859500
EAST,85300
EBAY,3192700
EBC,699300
EBIZ,3700
EBMT,13300
EBON,59400
EBTC,17400
ECBK,8900
ECDA,19900
ECOR,53600
ECOW,18200
ECPG,83500
ECX,172800
EDAP,125400
EDBL,1044300
EDIT,3228300
EDOC,11900
EDRY,6900
EDSA,15900
EDTK,3900
EDUC,50900
EEFT,212700
EEIQ,3900
EEMA,69300
EFAS,400
EFOI,18000
EFRA,100
EFSC,257200
EFSCP,200
EGAN,52400
EGBN,140600
EGHT,833000
EH,804300
EHGO,16200
EHLS,200
EHTH,148300
EJH,228100
EKG,100
EKSO,153200
ELAB,325823900
ELBM,53000
ELDN,234800
ELEV,398400
ELPW,629800
ELSE,7900
ELTK,7000
ELTX,10100
ELUT,38500
ELVA,115000
ELVN,159100
ELWS,19100
EM,38300
EMB,4765500
EMBC,1872700
EMCB,1500
EMCGR,23400
EMCGW,69800
EMEQ,4500
EMIF,100
EMKR,178200
EML,12900
EMXC,2065000
EMXF,2800
ENG,23200
ENGN,30400
ENGNW,13700
ENLT,29700
ENLV,133700
ENPH,4432000
ENSC,3573600
ENSG,302100
ENTA,410400
ENTG,2092400
ENTO,58800
ENTX,8900
ENVB,130000
ENVX,4262400
ENZL,6500
EOLS,539400
EOSE,3447800
EOSEW,52000
EPIX,255800
EPOW,7800
EPRX,14800
EPSN,15400
EQ,85800
EQIX,708100
EQRR,400
ERAS,746700
ERET,100
ERIC,23691600
ERIE,124900
ERII,467200
ERNA,242800
ERNZ,4300
ESCA,43700
ESEA,27300
ESGD,249800
ESGE,555200
ESGL,40500
ESGR,65400
ESGRO,12200
ESGRP,19300
ESGU,631000
ESHA,68400
ESHAR,200
ESLA,28000
ESLT,17400
ESMV,1000
ESN,7600
ESOA,289500
ESPO,11700
ESPR,7582900
ESQ,41100
ESSA,14800
ESTA,349800
ETEC,100
ETHA,8504300
ETNB,374800
ETON,355000
ETSY,4570700
EU,698900
EUDA,102200
EUFN,226500
EURK,2300
EVAX,36500
EVCM,86400
EVER,532400
EVGN,43600
EVGO,4975500
EVGOW,98900
EVGR,300
EVLV,5130500
EVLVW,191300
EVMT,600
EVO,172200
EVOK,16000
EVRG,1630300
EVSD,16400
EVTV,592000
EWBC,613800
EWCZ,925500
EWJV,24200
EWTX,328200
EWZS,104000
EXAS,5857200
EXC,5591700
EXE,2605400
EXEEL,18500
EXEL,1308100
EXFY,754900
EXLS,632800
EXPE,991700
EXPI,539700
EXPO,175300
EXTR,1138300
EYE,1526000
EYEG,100
EYEN,27120700
EYPT,637900
EZFL,48500
EZGO,40000
EZPW,455100
FA,1173800
FAAR,14400
FAAS,161800
FAASW,11800
FAB,31900
FAD,2400
FALN,489300
FAMI,112900
FANG,2466800
FARM,152300
FARO,126000
FAST,2006700
FAT,8900
FATBB,200
FATBP,9700
FATBW,100
FATE,12256800
FBIO,624700
FBIOP,11300
FBIZ,23000
FBL,488800
FBLA,123800
FBLG,221300
FBNC,252700
FBOT,3900
FBRX,124800
FBYD,6900
FBYDW,1400
FBZ,2200
FCA,18200
FCAL,6000
FCAP,4600
FCBC,22000
FCCO,24400
FCEF,6400
FCEL,1861500
FCFS,260800
FCNCA,81700
FCNCO,7100
FCNCP,29700
FCTE,81100
FCUV,102800
FCVT,3800
FDBC,3600
FDCF,5400
FDFF,9000
FDIF,2700
FDIG,97900
FDIV,10200
FDMT,1447000
FDNI,10600
FDSB,600
FDT,32200
FDTS,100
FDTX,10100
FDUS,115400
FEAM,70400
FEBO,92400
FEIM,108400
FELE,154300
FEM,157200
FEMB,23700
FEMS,21200
FEMY,138900
FENC,280100
FEP,26000
FEPI,217100
FER,31900
FEUZ,600
FEX,10000
FFBC,284100
FFIC,198800
FFIE,6498500
FFIEW,87900
FFIN,400700
FFIV,391700
FFNW,12400
FGBI,13100
FGBIP,300
FGEN,368300
FGF,26700
FGFPP,13800
FGI,6900
FGL,15700
FGM,100
FHB,900900
FHTX,79500
FIBK,1148500
FICS,25600
FID,30900
FINE,100
FINW,18000
FINX,45700
FIP,1415100
FISI,180000
FITB,5110000
FITBI,27600
FITBO,24200
FITBP,2900
FIVE,2061200
FIVN,1499600
FIXD,647900
FIZZ,146300
FJP,8200
FKU,1400
FKWL,13200
FLD,102400
FLDB,100
FLDDW,23300
FLEX,5705200
FLGC,240700
FLGT,187600
FLIC,113800
FLL,59000
FLN,4200
FLNC,9581000
FLNT,9800
FLUX,78200
FLWS,355100
FLX,13500
FLXS,29300
FLYE,117900
FLYW,1605000
FMAO,18800
FMB,183700
FMBH,36400
FMED,5300
FMET,9100
FMHI,77600
FMNB,53000
FMST,78700
FMSTW,400
FNGR,165300
FNK,7000
FNKO,302600
FNLC,16700
FNWB,14500
FNWD,3100
FNX,19100
FNY,7800
FOLD,1537400
FONR,10500
FORA,9300
FORD,15100
FORL,12500
FORM,660000
FORR,52300
FORTY,200
FOSL,773300
FOSLL,8100
FOX,1130400
FOXA,3916700
FOXF,1121300
FOXX,35200
FPA,200
FPAY,78100
FPXE,1600
FPXI,6200
FRAF,4900
FRBA,25300
FRES,10200
FRGT,99700
FRHC,54400
FRME,177200
FROG,708800
FRPH,26100
FRPT,343700
FRSH,2964500
FRST,101500
FRSX,74700
FSBC,25200
FSBW,13400
FSCS,5400
FSEA,8000
FSFG,68600
FSHP,1100
FSLR,1790400
FSTR,42700
FSUN,103600
FSV,80700
FSZ,1000
FTA,45200
FTAG,1100
FTAI,755900
FTAIM,400
FTAIN,700
FTAIO,9000
FTC,117000
FTCI,1027900
FTCS,196300
FTDR,492100
FTDS,1000
FTEK,73300
FTEL,106400
FTFT,115800
FTGC,313900
FTGS,135700
FTHI,154900
FTHM,56600
FTII,21000
FTLF,18900
FTNT,4729200
FTQI,82500
FTRE,760600
FTRI,54500
FTSL,171500
FTSM,791200
FTXG,5500
FTXH,100
FTXL,27100
FTXN,42200
FTXO,29500
FTXR,1800
FUFU,133400
FUFUW,1700
FULC,848000
FULT,770200
FULTP,6700
FUNC,24800
FUND,38800
FUSB,4500
FUTU,1427200
FV,72900
FVC,3300
FVCB,18100
FVN,10400
FVNNU,101800
FWONA,82900
FWONK,842300
FWRD,595600
FWRG,675000
FXNC,23800
FYBR,1111500
FYC,36300
FYT,8500
FYX,29900
GABC,59200
GAIA,28200
GAIN,94000
GAINL,5300
GAINN,3700
GAINZ,2100
GALT,229700
GAMB,239500
GAME,62700
GAN,151300
GANX,76700
GASS,304700
GAUZ,25300
GBBKR,400
GBBKW,12100
GBDC,2136900
GBIO,77200
GCBC,24000
GCMG,802400
GCMGW,682300
GCT,763200
GCTK,268000
GDC,237600
GDEN,401500
GDEV,1900
GDEVW,25100
GDHG,45100
GDRX,1010600
GDS,1430700
GDTC,300
GDYN,698600
GECC,18300
GECCH,1400
GECCI,100
GECCZ,300
GEG,7400
GEGGL,400
GEHC,2040800
GELS,27900
GEN,2871100
GENK,48900
GEOS,72400
GERN,3781100
GEVO,3885400
GFAI,525800
GFAIW,6700
GFGF,700
GFS,2160000
GGAL,1012600
GGLL,523400
GGLS,22800
GGR,561000
GGROW,75500
GH,1912500
GHIX,185600
GHIXW,119000
GHRS,38600
GIFI,55500
GIFT,10800
GIG,344500
GIGGU,2000
GIGGW,51400
GIGM,3200
GIII,383800
GILD,4406400
GILT,194300
GINX,11800
GIPR,12900
GLAC,299900
GLAD,98700
GLADZ,6300
GLBE,1401000
GLBS,4700
GLBZ,2700
GLDD,640800
GLDI,1800
GLE,2097500
GLLIW,1500
GLMD,37000
GLNG,2326100
GLOW,24600
GLPG,142900
GLPI,1372200
GLRE,97500
GLSI,32000
GLSTU,400
GLTO,13200
GLUE,911100
GLXG,363700
GLYC,1208500
GMAB,1157900
GMGI,166000
GMM,266900
GNFT,22200
GNLN,47400
GNLX,100100
GNMA,22100
GNOM,95300
GNPX,1247700
GNSS,65700
GNTA,4200
GNTX,1371400
GO,1911000
GOCO,37100
GOEV,3907600
GOEVW,10900
GOGL,2052400
GOGO,573300
GOOD,255600
GOODN,400
GOODO,17100
GOOG,14937400
GOOGL,20486700
GORV,115000
GOSS,1336600
GOVI,699200
GOVX,768100
GOVXW,5600
GP,109400
GPAT,547400
GPATW,300
GPCR,591500
GPIQ,79500
GPIX,91300
GPRE,807400
GPRF,100
GPRO,1701200
GQQQ,20100
GRAB,20366400
GRABW,77700
GRAL,843300
GRCE,23500
GREE,397700
GREEL,2300
GRFS,486800
GRI,250700
GRID,149700
GRNQ,50600
GROW,16200
GRPN,1366000
GRRR,542600
GRRRW,10400
GRVY,12800
GRWG,524800
GRYP,746600
GSBC,16900
GSHD,172400
GSIB,900
GSIT,99800
GSIW,104800
GSM,1386200
GSMGW,900
GSRTU,36200
GSUN,5100
GT,5325300
GTBP,27900
GTEC,28200
GTI,55800
GTIM,13800
GTLB,1486300
GTR,2200
GTX,1036100
GURE,26700
GUTS,206000
GV,62100
GVH,36400
GWAV,973700
GWRS,14000
GXAI,265800
GXTG,1600
GYRE,112200
HAFC,148400
HAIA,200
HAIN,1368400
HALO,1400300
HAO,3076800
HAS,1631200
HBAN,9103300
HBANL,14000
HBANM,10800
HBANP,32700
HBCP,15800
HBIO,130600
HBNC,199500
HBT,21400
HCAT,434200
HCKT,90800
HCM,100300
HCOW,3100
HCP,2272200
HCSG,496600
HCTI,54100
HCWB,1261700
HDL,8200
HDSN,520800
HEAR,173600
HECO,100
HEES,147600
HEJD,0
HELE,396200
HEPA,15400
HEPS,515400
HERD,12300
HERO,5200
HFBL,600
HFFG,52200
HFSP,0
HFWA,225300
HGBL,166600
HHS,18300
HIDE,9100
HIFS,8900
HIHO,4100
HIMX,912600
HISF,4300
HITI,1092800
HIVE,5221300
HKIT,4000
HLAL,69200
HLIT,588900
HLMN,750500
HLNE,204400
HLP,32900
HLVX,134100
HMST,140700
HNDL,70200
HNNA,7100
HNRG,476700
HNST,4891200
HNVR,36500
HOFT,12100
HOFV,74800
HOFVW,900
HOLO,1967800
HOLOW,11500
HOLX,1985200
HON,4203200
HOND,200
HONDU,1100
HONDW,22100
HONE,364400
HOOD,16612100
HOOK,80300
HOPE,426400
HOTH,174700
HOUR,54600
HOVNP,4500
HOVR,3550600
HOVRW,6100
HOWL,344500
HPAI,15700
HPH,28600
HPK,143900
HPKEW,700
HQGO,100
HQI,16500
HQY,529700
HRMY,436900
HROW,254800
HROWL,1300
HROWM,4300
HRTS,16800
HRTX,1588200
HRYU,258400
HRZN,337600
HSAI,36501600
HSCS,25900
HSDT,71700
HSIC,2207600
HSII,140000
HSON,39600
HSPO,153500
HSPTU,4400
HST,8026800
HSTM,313500
HTBI,28400
HTBK,431700
HTCO,8400
HTCR,92500
HTHT,3901700
HTIA,6500
HTIBP,4100
HTLD,381100
HTLF,117300
HTLFP,3500
HTLM,247900
HTOO,451300
HTOOW,55500
HTZ,5967500
HTZWW,300500
HUBC,261300
HUBCW,5700
HUBCZ,68700
HUBG,658800
HUDI,16300
HUHU,65800
HUIZ,70200
HUMA,2979000
HUMAW,11200
HURA,100400
HURC,8200
HURN,86300
HUT,4740800
HWAY,200
HWBK,4300
HWC,594000
HWCPZ,12000
HWH,107700
HWKN,117000
HYBI,166800
HYDR,24700
HYFM,267400
HYLS,133900
HYMC,134000
HYMCL,2000
HYMCW,1200
HYPR,48800
HYXF,5600
HYZD,14800
HYZN,209700
HYZNW,300
IAC,458500
IART,639300
IAS,810400
IBAC,7300
IBACR,8700
IBAT,100
IBB,1800900
IBBQ,2800
IBCP,75800
IBEX,98400
IBG,829800
IBGA,4500
IBGK,0
IBIT,67423300
IBKR,947400
IBOC,246400
IBOT,1900
IBRX,2991600
IBTE,298000
IBTF,274300
IBTG,1705500
IBTH,139500
IBTI,198200
IBTJ,126100
IBTK,63800
IBTL,74000
IBTM,59800
IBTO,27900
IBTP,10400
IBTX,260700
ICAD,1893300
ICCC,90600
ICCH,7300
ICCM,1718800
ICCT,983100
ICFI,286200
ICG,46500
ICHR,185900
ICLK,154200
ICLN,2966900
ICLR,968600
ICMB,28400
ICON,110600
ICOP,14200
ICU,218200
ICUCW,4400
ICUI,402500
IDAI,560179200
IDCC,300400
IDN,47700
IDXX,587700
IDYA,1901700
IEF,5093000
IEI,985900
IEP,495200
IESC,353900
IEUS,31100
IFBD,4778000
IFGL,9400
IFRX,474700
IFV,38600
IGF,5183600
IGIB,2631000
IGIC,109100
IGMS,222500
IGOV,83300
IGSB,5431700
IGTAR,3900
IGTAW,3700
IHRT,958500
IHYF,3200
III,62100
IIIV,145400
IINN,61700
IJT,135600
IKNA,202800
IKT,111800
ILAG,18600
ILIT,14200
ILLR,487300
ILLRW,25200
ILMN,2440700
ILPT,242000
IMAB,120700
IMCC,17800
IMCR,373500
IMCV,13500
IMG,114511300
IMKTA,176000
IMMP,99900
IMMR,906400
IMMX,257300
IMNM,1014800
IMNN,178000
IMOM,2900
IMOS,23100
IMPP,181700
IMPPP,2400
IMRN,3300
IMRX,90300
IMTE,18100
IMTX,710600
IMTXW,14200
IMUX,642200
IMVT,718300
IMXI,252500
INAB,356700
INAQ,3400
INAQW,4500
INBK,16800
INBKZ,4300
INBS,243400
INBX,45400
INCR,18300
INCY,1475600
INDB,264700
INDH,4700
INDI,2728300
INDP,8000
INDV,1307300
INDY,65500
INFN,528400
INFR,0
INGN,155000
INHD,41700
INKT,42800
INM,21800
INMB,131900
INMD,864300
INNV,118300
INO,387300
INOD,1897000
INRO,400
INSE,138300
INSG,144300
INSM,1104500
INTA,413100
INTC,69613500
INTG,2500
INTJ,30900
INTR,995100
INTS,11500
INTU,1784100
INTZ,136700
INV,22500
INVA,1139500
INVE,146500
INVZ,1414400
INVZW,12100
INZY,1414200
IOBT,350700
IONR,20100
IONS,1341100
IOSP,219000
IOVA,5417800
IPA,205400
IPAR,152200
IPDN,30300
IPGP,409900
IPHA,9600
IPKW,25100
IPSC,1055200
IPW,173600
IPWR,18700
IPX,12600
IPXX,5800
IPXXW,1900
IQ,16677600
IQQQ,13400
IRBT,784700
IRD,63500
IRDM,1109800
IREN,17683600
IRIX,8200
IRMD,32200
IROH,700
IROHR,7200
IROHW,3400
IRON,349700
IROQ,4600
IRTC,359400
IRWD,2563100
ISHG,1600
ISHP,100
ISPC,33500
ISPO,40600
ISPOW,134600
ISPR,44900
ISRG,1152800
ISRLW,1100
ISSC,12500
ISTB,255700
ISTR,37600
ITCI,293600
ITIC,5400
ITOS,363900
ITRI,477300
ITRM,1542800
ITRN,98000
IUS,27500
IUSB,2687900
IUSG,325400
IUSV,380100
IVA,22800
IVAC,21700
IVAL,7000
IVCA,2700
IVCB,1089400
IVCBW,9800
IVCP,1700
IVCPW,384000
IVDA,475600
IVDAW,2500
IVEG,100
IVP,1008400
IVVD,1308200
IWTR,100
IXHL,15400
IXUS,1793300
IZEA,19100
IZM,31700
IZTC,32400
JACK,638000
JAGX,79100
JAKK,96000
JAMF,759500
JANX,457400
JAZZ,561700
JBDI,211200
JBHT,932200
JBLU,20625800
JBSS,100600
JCSE,13400
JCTC,800
JD,12297200
JDOC,100
JDZG,58200
JEPQ,3628900
JFBR,118700
JFBRW,100
JFIN,33700
JFU,26100
JG,21500
JGLO,280500
JIVE,12300
JJSF,65900
JKHY,592300
JL,179800
JMID,1500
JMSB,10000
JNVR,23300
JOUT,25000
JPEF,72200
JRSH,18200
JRVR,354000
JSM,15800
JSMD,29200
JSML,24300
JSPR,227300
JTAI,129200
JTEK,96200
JUNE,35800
JVA,107800
JWEL,47800
JXJT,571600
JYD,163900
JYNT,33200
JZXN,1400
KACL,14400
KALA,72900
KALU,66200
KALV,235600
KARO,20600
KAVL,206400
KBWB,671100
KBWD,115300
KBWP,27000
KBWR,11700
KBWY,58300
KC,4520100
KDLY,5463300
KDLYW,45600
KDP,9592900
KE,77700
KEAT,8500
KELYA,323600
KELYB,300
KEQU,31600
KFFB,800
KGEI,19600
KHC,8526800
KIDS,207900
KINS,490800
KIRK,78400
KITT,1229700
KITTW,4000
KLAC,923400
KLIC,650000
KLTO,75200
KLTOW,1700
KLTR,318900
KLXE,86900
KMDA,36500
KNDI,184000
KNGZ,1600
KNSA,220100
KOD,339600
KOPN,1556500
KOSS,409900
KPLT,18300
KPLTW,60300
KPRX,25100
KPTI,454900
KQQQ,5200
KRKR,6200
KRMA,7300
KRMD,59600
KRNT,303400
KRNY,438200
KRON,540400
KROP,1100
KROS,296200
KRRO,59200
KRT,31100
KRUS,94000
KRYS,168700
KSCP,356500
KSPI,159600
KTCC,53700
KTOS,1117700
KTTA,24900
KTTAW,1500
KURA,2915800
KVAC,5200
KVACU,100
KVACW,1100
KVHI,31300
KWE,2370000
KXIN,235400
KYMR,967400
KYTX,392700
KZIA,28000
KZR,15700
LAB,2129000
LAES,6328200
LAKE,28300
LAMR,826500
LANC,129000
LAND,224900
LANDM,1400
LANDO,12800
LANDP,10100
LARK,51300
LASE,303400
LASR,335900
LAUR,722200
LAZR,2684900
LBGJ,313200
LBPH,1078200
LBRDA,358900
LBRDK,1237800
LBRDP,3900
LBTYA,2428000
LBTYB,2200
LBTYK,2157800
LCDS,100
LCFY,27800
LCFYW,1700
LCID,51932400
LCNB,21600
LCUT,50700
LDEM,1200
LDSF,23100
LDTC,161800
LDTCW,22500
LDWY,22300
LE,100300
LECO,203700
LEDS,9900
LEE,15100
LEGH,50000
LEGN,1775300
LEGR,1700
LENZ,61300
LESL,24550100
LEXX,408600
LEXXW,33700
LFCR,312900
LFLY,13800
LFLYW,3500
LFMD,1057400
LFMDP,300
LFSC,7000
LFST,1236000
LFUS,99300
LFVN,48600
LFWD,45600
LGCB,520500
LGCL,2479000
LGHL,1483400
LGHLW,1500
LGIH,184900
LGMK,283700
LGND,182700
LGO,225400
LGRO,1800
LGTY,382400
LGVN,246900
LI,4526800
LICN,1304000
LIDR,213000
LIDRW,26500
LIEN,5900
LIF,639500
LIFW,274800
LIFWW,479800
LIFWZ,100
LILA,689200
LILAK,1090900
LIN,2600000
LINC,111500
LIND,187200
LINE,846100
LINK,10100
LION,603600
LIPO,202900
LIQT,78600
LITE,1144400
LITM,512900
LITP,5900
LIVE,5400
LIVN,486000
LIVR,11200
LIXT,29000
LKCO,10100
LKFN,68200
LKQ,1617800
LLYVA,109000
LLYVK,550300
LMAT,109900
LMB,102600
LMBS,406900
LMFA,111600
LMNR,33000
LNKB,24800
LNSR,42600
LNT,1715200
LNTH,1246700
LNW,629700
LNZA,317400
LOAN,30700
LOBO,12100
LOCO,127100
LOGC,148200
LOGI,335000
LOOP,8400
LOPE,150200
LOT,101500
LOVE,418400
LPAA,500
LPAAW,22400
LPBBU,64600
LPCN,123300
LPLA,564500
LPRO,267600
LPSN,2791600
LPTH,120800
LPTX,346400
LQDA,870000
LQDT,106600
LQR,411000
LRCX,7385200
LRE,36200
LRFC,29900
LRGE,21800
LRHC,47100
LRMR,746300
LRND,0
LSAK,18900
LSB,92500
LSBK,500
LSBPW,1900
LSCC,1813000
LSEA,158900
LSEAW,10600
LSH,167600
LSTA,15000
LSTR,154700
LTBR,1104200
LTRN,74000
LTRX,380600
LTRY,56200
LTRYW,300
LUCD,1003000
LUCY,31600
LUCYW,200
LULU,1209400
LUMO,90500
LUNA,150000
LUNG,105200
LUNR,16358800
LUNRW,367500
LUXH,221300
LUXHP,14900
LVHD,31000
LVLU,18100
LVO,658600
LVRO,9100
LVROW,117500
LVTX,43500
LWAY,168100
LWLG,757700
LX,15639900
LXEH,3700
LXEO,123800
LXRX,2931700
LYEL,1232000
LYFT,9460300
LYRA,1273000
LYT,32600
LYTS,71100
LZ,2139600
MACI,10800
MACIW,3200
MAGQ,300
MAGS,804400
MAGX,26200
MAMA,455600
MAMO,181000
MANH,413500
MAPS,711500
MAPSW,1400
MAR,1459000
MARA,91188000
MARPS,11600
MARX,13700
MARXR,102000
MASI,834200
MASS,164700
MAT,3844800
MATH,50700
MATW,212800
MAXI,59600
MAXN,2925800
MBAV,5600
MBAVU,300
MBAVW,1200
MBB,3426400
MBCN,14200
MBIN,121900
MBINM,5400
MBINN,6400
MBINO,36800
MBIO,572500
MBLY,4817800
MBOT,119100
MBRX,51100
MBUU,273700
MBWM,109500
MBX,94400
MCBS,33300
MCDS,100
MCFT,62500
MCHI,1623000
MCHP,8778200
MCHS,200
MCHX,47000
MCRB,2880800
MCRI,170200
MCSE,1700
MCVT,29400
MDAI,33998700
MDAIW,1460700
MDB,1768300
MDBH,6800
MDCP,900
MDCX,10100
MDCXW,500
MDGL,383100
MDIA,1099700
MDIV,57400
MDJH,936000
MDLZ,8706100
MDRR,1900
MDRRP,4000
MDWD,53700
MDXG,529600
MDXH,486700
ME,302100
MEDP,235000
MEDX,100
MEGL,58800
MEIP,9700
MELI,393100
MEMS,5900
MEOH,177200
MERC,368700
MESA,333900
MESO,252600
META,10356500
METC,432400
METCB,17600
METCL,8300
METD,18300
METU,232700
MFH,277200
MFI,31300
MFIC,266400
MFICL,300
MFIN,48100
MFLX,3100
MGEE,122500
MGIC,14000
MGIH,136500
MGNI,1537200
MGNX,484000
MGOL,13800
MGPI,649800
MGRC,103600
MGRM,27100
MGRX,49200
MGTX,249300
MGX,247500
MGYR,7200
MHLD,98100
MHUA,2591100
MIDD,541300
MIGI,310600
MILN,4800
MIND,32500
MIRA,321300
MIRM,323900
MIST,261000
MITA,2400
MITAW,16200
MITK,311000
MKAM,100
MKDW,67100
MKSI,641900
MKTW,364600
MKTX,248300
MKZR,3700
MLAB,42900
MLCO,2314800
MLEC,14300
MLECW,9100
MLGO,10312300
MLKN,539500
MLTX,162200
MLYS,101800
MMLP,47500
MMSI,351500
MMV,449500
MMVWW,9700
MMYT,506000
MNDO,13200
MNDR,376900
MNDY,666200
MNKD,5996300
MNMD,1916900
MNOV,45400
MNPR,114800
MNRO,896600
MNSB,4300
MNST,4411500
MNTK,148700
MNTL,100
MNTS,1057500
MNTSW,85900
MNTX,52600
MNY,48100
MNYWW,18900
MOB,51500
MOBX,2168200
MOBXW,1800
MODD,117100
MODL,24600
MODV,142200
MOFG,83100
MOGO,44300
MOLN,1900
MOMO,450900
MOND,105300
MOOD,1000
MORN,172200
MOVE,14500
MPAA,46200
MPB,34800
MPWR,1287300
MQ,9744300
MQQQ,1200
MRAM,60700
MRBK,26100
MRCC,108700
MRCY,258500
MREO,745700
MRIN,102800
MRKR,40100
MRM,2600
MRNA,7248900
MRNO,2100
MRNOW,33900
MRNS,1001000
MRSN,3094300
MRTN,285600
MRUS,732300
MRVI,3322300
MRVL,9016200
MRX,321600
MSAI,44000
MSAIW,100
MSBI,67700
MSBIP,2800
MSEX,211500
MSFD,43600
MSFL,81800
MSFT,23458800
MSFU,527300
MSGM,88000
MSS,12100
MSSAW,100300
MSTR,47891000
MSTX,13852000
MSW,96200
MTC,1821200
MTCH,2911400
MTEK,572100
MTEM,4038400
MTEN,9600
MTEX,7900
MTLS,172200
MTRX,152000
MTSI,760600
MTTR,1651800
MU,19275600
MUD,200
MULL,3100
MULN,2502300
MURA,637700
MUU,172800
MVBF,23800
MVIS,4090300
MVST,8643200
MVSTW,58500
MXCT,966900
MXL,1299800
MYCF,100
MYCG,100
MYCH,100
MYCI,200
MYCJ,1700
MYCK,100
MYCL,600
MYCM,2400
MYCN,1400
MYFW,19800
MYGN,1061600
MYMF,100
MYMG,0
MYMH,0
MYMI,0
MYMJ,0
MYNA,8100
MYNZ,4157500
MYPS,113000
MYPSW,398200
MYRG,235000
MYSZ,173800
NA,77300
NAAS,153700
NAII,3600
NAMS,604900
NAMSW,6200
NAOV,67800
NARI,1084900
NATH,33200
NATO,700
NATR,39500
NAUT,220200
NAVI,865600
NAYA,39300
NB,103900
NBBK,121300
NBIS,2444500
NBIX,757800
NBN,56500
NBTB,126000
NBTX,6600
NCI,94000
NCMI,578900
NCNA,122500
NCNO,580200
NCPB,100
NCPL,3586900
NCRA,1800
NCSM,3900
NCTY,492400
NDAA,100
NDAQ,1964900
NDLS,99100
NDRA,323100
NDSN,280600
NECB,60700
NEGG,765200
NEO,566000
NEOG,1588900
NEON,182000
NEOV,145300
NEPH,23000
NERD,2700
NERV,18900
NESR,106000
NESRW,1000
NETD,2800
NETDW,82200
NEWT,92800
NEWTG,6500
NEWTH,9300
NEWTI,1100
NEWZ,20400
NEXN,173600
NEXT,2274500
NFBK,138400
NFE,5238100
NFLX,3138200
NFTY,19800
NFXL,36000
NFXS,4000
NGNE,1332300
NHTC,20300
NICE,422600
NIKL,7100
NIOBW,19500
NIPG,93400
NISN,80100
NITO,433000
NIU,201700
NIVF,667700
NIVFW,200
NIXT,43000
NIXX,200200
NKGN,737700
NKGNW,7200
NKLA,7163000
NKSH,8400
NKTR,1366900
NKTX,1217000
NLSP,22800
NLSPW,3100
NMFC,317600
NMFCZ,3900
NMHI,487800
NMHIW,3900
NMIH,498300
NMRA,537200
NMRK,775100
NMTC,124100
NN,1317800
NNAVW,17400
NNBR,66700
NNDM,1635400
NNE,5637800
NNOX,1421100
NODK,18500
NOEMU,114200
NOTV,476000
NOVT,189600
NPCE,62800
NPFI,600
NRBO,19100
NRC,109100
NRDS,456900
NRES,100
NRIM,14000
NRIX,630300
NRSN,106500
NRXP,80700
NRXPW,2200
NSCR,0
NSI,200
NSIT,344700
NSPR,603000
NSSC,312600
NSTS,20200
NSYS,32600
NTAP,2670100
NTCT,277500
NTES,1155700
NTGR,414200
NTIC,9300
NTLA,2178000
NTNX,5041600
NTRA,969200
NTRB,5500
NTRP,44500
NTRS,958400
NTRSO,30600
NTWK,16900
NTWOU,500
NUKK,56300
NUKKW,6000
NURO,9400
NUSB,100
NUTX,51600
NUVL,317900
NUWE,948300
NVA,44900
NVACR,700
NVAX,3672200
NVCR,603500
NVCT,60400
NVD,1223200
NVDA,190287600
NVDD,4490700
NVDL,10999900
NVDS,843000
NVDU,606700
NVDW,2900
NVEC,17600
NVEE,828900
NVFY,236400
NVMI,136300
NVNI,1800
NVNO,135500
NVTS,4986900
NVVE,6000
NVVEW,37200
NWBI,406600
NWE,895900
NWFL,7400
NWGL,400
NWL,5946800
NWPX,52300
NWS,672000
NWSA,1616700
NWTN,174800
NXGL,45000
NXGLW,2100
NXL,769100
NXLIW,6900
NXPI,2476600
NXPL,35300
NXST,224100
NXT,1676700
NXTC,327400
NXTG,5900
NXTT,121400
NXU,193800
NYAX,16500
NYMT,682500
NYMTI,2200
NYMTL,7200
NYMTM,21100
NYMTN,8300
NYXH,23700
NZAC,36900
NZUS,100
OABI,621600
OABIW,257700
OACCU,32600
OAKU,2400
OB,157800
OBIL,28000
OBIO,42500
OBLG,17900
OBT,16800
OCC,1300
OCCI,225300
OCCIM,1600
OCCIO,400
OCEA,64000
OCEAW,2600
OCFC,226200
OCG,3900
OCGN,2374700
OCS,40100
OCSAW,19200
OCSL,470700
OCTA,200
OCTO,13500
OCUL,1359900
OCX,71300
ODD,533800
ODDS,300
ODFL,1069700
ODP,491300
ODVWZ,5400
OESX,26800
OFIX,321800
OFLX,11300
OFS,55400
OGI,1037400
OKTA,2875500
OKUR,73900
OKYO,23900
OLB,16300
OLED,811400
OLLI,937800
OLMA,616300
OLPX,3532800
OM,291300
OMAB,153000
OMCC,3200
OMCL,418200
OMER,1598600
OMEX,400100
OMGA,218700
OMH,25300
OMIC,6400
ON,5136800
ONB,6392700
ONBPO,2900
ONBPP,1000
ONCO,337500
ONCT,769100
ONCY,136200
ONDS,782300
ONEQ,183200
ONEW,115200
ONFO,7100
ONFOW,2400
ONMD,261400
ONMDW,500
ONVO,297500
OP,9300
OPAL,70600
OPBK,31300
OPCH,2231500
OPEN,51618900
OPHC,267200
OPI,2064200
OPINL,17800
OPK,6789900
OPOF,3800
OPRA,335200
OPRT,363400
OPRX,510600
OPT,56700
OPTN,923200
OPTX,130000
OPTXW,2200
OPTZ,9100
OPXS,7400
ORGN,713600
ORGNW,16700
ORGO,846400
ORIC,255100
ORIS,261000
ORKA,96100
ORKT,46200
ORLY,375000
ORMP,171200
ORRF,126100
OS,998800
OSBC,169300
OSIS,321400
OSPN,420100
OSS,51700
OST,60800
OSUR,797700
OSW,367300
OTEX,465600
OTLK,434100
OTLY,2814800
OTRK,20900
OTTR,234600
OVBC,600
OVID,120500
OVLY,12300
OXBR,11700
OXLC,4069000
OXLCI,5100
OXLCL,3100
OXLCN,3000
OXLCO,1000
OXLCP,1300
OXLCZ,2200
OXSQ,324600
OXSQG,500
OXSQZ,500
OZEM,27000
OZK,822100
OZKAP,47600
PAA,3687800
PABD,800
PABU,1800
PACB,5964500
PAGP,927000
PAHC,156000
PAL,177300
PALI,26700
PALT,22100
PAMT,18300
PANL,235400
PANW,2860500
PARA,13048300
PARAA,36300
PASG,753900
PATK,261200
PATN,100
PAVM,19700
PAVMZ,3200
PAVS,700
PAX,565500
PAYO,4854900
PAYS,87300
PAYX,1366800
PBFS,24000
PBHC,1800
PBM,327200
PBMWW,141300
PBPB,96600
PBYI,209300
PC,64200
PCAR,2131300
PCB,22700
PCH,584600
PCRX,475000
PCSA,36000
PCT,1947200
PCTTW,11600
PCTY,312400
PCVX,906000
PCYO,38700
PDBA,4700
PDBC,3105700
PDCO,868500
PDD,7430300
PDEX,50500
PDFS,168200
PDLB,52100
PDP,117600
PDSB,251900
PDYN,39615600
PDYNW,905500
PEBK,267300
PEBO,78100
PECO,808100
PEGA,724000
PENG,1255100
PENN,1708200
PEP,4653800
PEPG,75000
PEPS,100
PERI,212000
PESI,165600
PET,1763500
PETS,122300
PETWW,9300
PETZ,4100
PEV,153400
PEY,164700
PEZ,2900
PFBC,59600
PFC,138900
PFF,4369700
PFG,931800
PFI,3000
PFIE,472800
PFIS,69600
PFM,16100
PFMT,128500
PFTAW,42300
PFX,400
PGC,129400
PGEN,1092000
PGHL,2932100
PGJ,81700
PGNY,1486400
PGY,1728300
PGYWW,114300
PHAR,1600
PHAT,955200
PHIO,8400
PHO,35900
PHUN,1444500
PHVS,151000
PI,283700
PID,60000
PIE,4700
PIII,639300
PIIIW,355500
PIK,19800
PINC,470200
PIO,5500
PIRS,6100
PITA,201900
PITAW,8700
PIZ,2600
PKBK,14800
PKOH,17900
PKW,9700
PLAB,699700
PLAY,1041400
PLBC,7700
PLBY,416000
PLCE,159700
PLL,568600
PLMJ,700
PLMJW,300
PLMR,243300
PLPC,20900
PLRX,402600
PLRZ,43700
PLSE,335200
PLTK,487800
PLTR,46923500
PLUG,45523700
PLUR,119500
PLUS,215100
PLXS,201800
PLYA,1848300
PMAX,4000
PMBS,5100
PMCB,12800
PMD,11600
PMEC,16100
PMN,63100
PMTS,46100
PMVP,75400
PNBK,12100
PNFP,456000
PNFPP,7000
PNQI,81000
PNRG,5800
PNTG,460600
POAI,249100
POCI,13500
PODC,266800
PODD,522500
POET,5363100
POLA,42700
POLE,2000
POLEU,1400
POLEW,297200
POOL,367100
POWI,505100
POWL,465000
POWW,669900
POWWP,3200
PPBI,644300
PPBT,42300
PPC,832600
PPH,109600
PPI,5800
PPIH,55500
PPSI,112000
PPTA,277400
PRAA,314800
PRAX,990500
PRCH,1363200
PRCT,670600
PRDO,302800
PRE,6200
PRENW,15700
PRFX,263400
PRFZ,64500
PRGS,414800
PRLD,435400
PRLH,300
PRLHW,135400
PRME,950200
PRN,40700
PROC,71400
PROCW,16100
PROF,40000
PROK,554100
PROP,40000
PROV,1700
PRPH,92900
PRPL,101400
PRPO,1400
PRQR,280500
PRSO,50800
PRTA,555100
PRTC,2000
PRTG,21400
PRTH,654800
PRTS,260700
PRVA,516300
PRZO,9207800
PSC,76900
PSCC,4500
PSCD,2900
PSCE,112800
PSCF,3100
PSCH,5700
PSCI,22300
PSCM,1500
PSCT,58600
PSCU,5100
PSEC,2573900
PSET,1000
PSHG,21700
PSIG,15300
PSL,2900
PSMT,152200
PSNL,574400
PSNY,3658900
PSNYW,128100
PSTR,10400
PSTV,28000
PSTX,30136900
PSWD,200
PT,6100
PTC,755900
PTCT,1511800
PTEC,100
PTEN,6904900
PTF,40700
PTGX,688700
PTH,7300
PTHL,52000
PTIR,378800
PTIX,2452000
PTLE,2425300
PTLO,988000
PTMN,59600
PTNQ,206300
PTON,15825700
PTPI,150000
PTVE,288900
PUBM,302000
PUI,3400
PULM,64000
PVBC,28600
PWM,45100
PWOD,12600
PWP,627900
PXI,12700
PXLW,615500
PXS,34400
PY,3600
PYCR,890000
PYPD,14500
PYPL,5610400
PYXS,2366300
PYZ,800
PZZA,865700
QABA,12000
QAT,404100
QBUF,36400
QCLN,98300
QCLR,100
QCOM,9489800
QCRH,83100
QDEL,962100
QETA,2000
QETAR,1900
QETAU,400
QFIN,1953900
QH,15700
QHDG,2100
QIPT,109400
QLGN,68700
QLYS,322500
QMCO,12757500
QMID,100
QMMM,5256200
QMOM,19500
QNCX,295600
QNRX,70400
QNST,296300
QNTM,89600
QNXT,5900
QOWZ,1200
QQA,33800
QQEW,41700
QQJG,100
QQMG,9500
QQQ,26557000
QQQA,900
QQQE,109500
QQQG,800
QQQI,261700
QQQJ,45200
QQQM,1175700
QQQP,10800
QQQS,700
QQQT,19600
QQQW,2900
QQQX,103600
QQQY,81300
QQXT,2000
QRHC,48100
QRMI,6700
QRTEA,1183000
QRTEB,600
QRTEP,70200
QRVO,2353800
QSG,229800
QSI,9814100
QSIAW,61200
QSIX,2700
QSML,100
QTEC,100700
QTI,110500
QTOP,12000
QTR,100
QTRX,437400
QTTB,116200
QTUM,122800
QUBT,45862300
QUIK,101200
QURE,431400
QVAL,10700
QXO,2086200
QXQ,12300
QYLD,2280400
QYLE,500
QYLG,8300
RAIL,299200
RAND,600
RANI,746200
RAPP,119400
RAPT,215200
RARE,281300
RAVE,14500
RAY,14600
RAYA,5400
RAYS,5800
RBB,32500
RBBN,216600
RBCAA,11800
RBKB,3600
RCAT,10491800
RCEL,65000
RCKT,1058600
RCKTW,122800
RCKY,35800
RCMT,47500
RCON,29900
RDACU,100
RDCM,175900
RDFN,5632700
RDHL,13000
RDI,37000
RDIB,7300
RDNT,363700
RDUS,132100
RDVT,132400
RDVY,724300
RDWR,266500
RDZN,121100
REAI,1000
REAL,3156000
REAX,680800
REBN,56700
RECT,11500
REE,56000
REFI,58900
REFR,25800
REG,729700
REGCO,24500
REGCP,9700
REGN,780000
REIT,6100
REKR,492800
RELI,227800
RELL,32100
RELY,1748000
RENB,439400
RENT,22200
REPL,2236700
RETO,8900
REVB,62500
REVBW,50400
REYN,751300
RFAI,6100
RFAIR,100
RFDI,19100
RFEM,7100
RFEU,100
RFIL,2800
RGC,42800
RGCO,8500
RGEN,347000
RGF,124900
RGLD,304800
RGLS,261400
RGNX,624300
RGP,258700
RGS,38100
RGTI,126719100
RGTIW,264700
RICK,89500
RIGL,132200
RILY,1351400
RILYG,21000
RILYK,23800
RILYL,27600
RILYM,21200
RILYN,60200
RILYP,21000
RILYT,26200
RILYZ,73800
RIME,183200
RING,149000
RIOT,26449900
RITR,94500
RIVN,81743600
RKDA,9200
RKLB,41464000
RLAY,1212500
RLMD,154300
RLYB,30000
RMBI,12500
RMBL,82500
RMBS,1042200
RMCF,42900
RMCO,9000
RMNI,233800
RMR,64900
RMSG,161000
RMSGW,22100
RMTI,789000
RNA,1200900
RNAC,68700
RNAZ,1446900
RNEM,200
RNEW,100
RNRG,6300
RNSC,19000
RNW,616900
RNWWW,1700
RNXT,104300
ROAD,319100
ROBT,48300
ROCK,197700
ROCL,10600
ROCLW,23800
ROE,10900
ROIC,1360100
ROIV,5509300
ROKU,3405400
ROMA,33000
ROOT,321000
ROP,360700
ROST,2742900
RPAY,742300
RPD,582900
RPID,63000
RPRX,1991600
RPTX,141400
RR,947700
RRBI,9000
RRGB,156400
RRR,438800
RSLS,4000
RSSS,175500
RSVR,36500
RSVRW,10800
RTC,31900
RTH,4500
RUM,5989000
RUMBW,76200
RUN,7227400
RUNN,33500
RUSHA,261100
RUSHB,8800
RVMD,764400
RVMDW,89400
RVNC,2175400
RVPH,444300
RVPHW,400
RVSB,25400
RVSN,463800
RVYL,422200
RWAY,249400
RWAYL,3100
RWAYZ,9300
RXRX,8515800
RXST,229900
RXT,763600
RYAAY,1265200
RYTM,868800
RZLT,186000
RZLV,1999600
RZLVW,79900
SABR,3113500
SABS,51000
SABSW,5200
SAFT,178400
SAG,646400
SAGE,725000
SAIA,317300
SAIC,504100
SAIH,170400
SAMG,18000
SANA,1222000
SANG,900
SANM,341400
SANW,261400
SARK,798800
SASR,204900
SATL,115700
SATLW,2500
SATS,1811300
SAVA,33142300
SBAC,644300
SBC,146900
SBCF,279900
SBCWW,365500
SBET,67200
SBFG,18000
SBFM,1558400
SBFMW,10300
SBGI,211600
SBLK,2277200
SBRA,3051800
SBT,22200
SBUX,6558200
SCDS,100
SCHL,181400
SCKT,29600
SCLX,1456000
SCNI,4200
SCNX,11900
SCOR,13300
SCPH,595400
SCSC,195800
SCVL,395400
SCWO,184100
SCWX,431400
SCYX,184600
SCZ,2282400
SDA,303700
SDAWW,61000
SDG,9400
SDGR,899900
SDIG,369800
SDOT,263200
SDSI,5200
SDST,8300
SDVY,2237900
SEAT,1968200
SEATW,10400
SEDG,3987000
SEED,38700
SEEM,25900
SEER,319500
SEIC,824600
SEIE,54900
SEIS,19900
SELF,4800
SELX,1200
SENEA,14200
SEPN,99700
SERA,40900
SERV,3846400
SETM,19400
SEVN,39100
SEZL,129200
SFBC,1500
SFHG,420100
SFIX,1284500
SFLO,25000
SFM,1470400
SFNC,450600
SFST,17100
SFWL,68500
SGA,11200
SGBX,212700
SGC,45700
SGD,42500
SGHT,291800
SGLY,9000
SGMA,97000
SGML,394400
SGMO,8343000
SGMT,299800
SGRP,26200
SGRY,1394300
SHBI,85100
SHC,2231500
SHEN,239500
SHFS,116000
SHFSW,3800
SHIM,6000
SHIP,332100
SHLS,5863500
SHLT,2200
SHMD,46200
SHMDW,34000
SHOO,628100
SHOT,514300
SHPH,121300
SHRY,1500
SHV,3266000
SHY,6597200
SHYF,201000
SIBN,241300
SIDU,975600
SIEB,27900
SIFY,55500
SIGA,774100
SIGI,577600
SIGIP,1500
SILC,6800
SILO,83900
SIMA,3200
SIMAU,800
SIMO,573900
SINT,691900
SIRI,3006100
SISI,213700
SITM,153000
SIXG,34600
SJ,19100
SJCP,0
SJLD,100
SJW,312600
SKGR,20300
SKGRW,34200
SKIN,652300
SKK,1773200
SKOR,40900
SKRE,24800
SKWD,348200
SKYE,97300
SKYQ,496200
SKYT,672000
SKYU,7000
SKYW,309500
SKYX,423800
SKYY,264500
SLAB,326200
SLDB,237600
SLDP,1293100
SLDPW,20500
SLE,341800
SLGL,29800
SLM,5048500
SLMBP,15200
SLN,472500
SLNG,14100
SLNH,176600
SLNHP,14300
SLNO,1528600
SLP,155500
SLQD,234200
SLRC,147200
SLRN,405600
SLRX,5700
SLS,512300
SLVO,19700
SLXN,1838600
SLXNW,5800
SMBC,26300
SMCF,300
SMCI,95313000
SMCO,28700
SMCP,300
SMCX,2723500
SMH,4996400
SMHX,31400
SMID,24900
SMLR,1430300
SMMT,1279300
SMPL,1021200
SMRI,1400
SMSI,104700
SMST,41647600
SMTC,6885000
SMTI,32500
SMTK,5843400
SMX,1067300
SMXT,204900
SMXWW,500
SNAL,38000
SNAX,62700
SNBR,411900
SNCR,78300
SNCRL,2900
SNCY,621000
SND,126000
SNDL,2007700
SNDX,900700
SNES,9000
SNEX,132500
SNFCA,67800
SNGX,23200
SNOA,136300
SNPS,767700
SNPX,10800
SNRE,2191300
SNSE,605200
SNSR,31900
SNT,23300
SNTG,700
SNTI,12100
SNY,3035800
SNYR,32500
SOBR,10000
SOCL,2600
SOFI,38184300
SOGP,4400
SOHO,235800
SOHOB,4700
SOHON,1100
SOHOO,400
SOHU,45500
SOND,69300
SONDW,10000
SONM,12800
SONN,30900
SONO,2035000
SOPA,19400
SOPH,8200
SOTK,2400
SOUN,40536600
SOUNW,69500
SOWG,327800
SOXM,2000
SOXQ,436900
SOXW,200
SOXX,2783800
SPAI,355600
SPAM,1600
SPAQ,100
SPBC,58300
SPC,7900
SPCB,23100
SPCX,1900
SPFI,42600
SPGC,26300
SPHL,45500
SPI,91200
SPKLW,600
SPNS,301600
SPOK,103200
SPPL,408100
SPRB,179100
SPRC,376200
SPRO,197700
SPRX,11600
SPRY,653700
SPSC,174100
SPT,618800
SPTN,214800
SPWH,756400
SPYB,600
SPYM,1100
SPYQ,17100
SQFT,57700
SQFTP,2000
SQFTW,4700
SQLV,1100
SQQQ,24916900
SRAD,2362300
SRBK,23400
SRCE,56300
SRDX,186100
SRET,21600
SRM,297200
SRPT,3403400
SRRK,1418100
SRTS,174800
SRZN,74000
SRZNW,1100
SSBI,15800
SSBK,6600
SSKN,1600
SSNC,1524900
SSP,485000
SSRM,932800
SSSS,96200
SSSSL,100
SSTI,61700
SSYS,608300
STAA,465000
STAF,85000
STBA,172900
STBX,31300
STCN,56600
STEC,25600
STEP,320700
STFS,4802700
STGW,546500
STHO,38400
STI,2632400
STIM,265600
STKH,22000
STKL,623400
STKS,384800
STLD,969000
STNE,6651000
STOK,1062000
STRA,190800
STRL,759800
STRM,8600
STRO,650300
STRR,49700
STRRP,1100
STRS,3400
STRT,24000
STSB,0
STSS,54500
STSSW,130000
STTK,246000
STX,2412500
SUGP,53400
SUNE,193000
SUNS,15700
SUPN,202100
SURG,447200
SUSB,120400
SUSC,207400
SUSL,19000
SUUN,15300
SVC,2661200
SVCO,403200
SVII,20800
SVIIR,100
SVMH,33973300
SVMHW,9800
SVRA,836100
SVRE,41700
SVREW,6200
SWAG,12700
SWBI,487700
SWIM,610500
SWIN,52800
SWKH,10300
SWKS,1863800
SWP,9700
SWTX,1015600
SWVL,18600
SXTC,31400
SXTP,141300
SY,85300
SYBT,127400
SYBX,10400
SYM,1358700
SYNA,544700
SYPR,22100
SYRA,984300
SYRE,627000
SYRS,3065700
SYT,1000
SYTA,477200
SYTAW,6600
TACT,9600
TAIT,7500
TALK,1346400
TALKW,105300
TANH,835600
TAOP,74300
TARA,289100
TARK,15500
TARS,549300
TASK,121200
TATT,17000
TAXE,1800
TAYD,9200
TBBK,610500
TBIL,1022000
TBLA,1387500
TBLAW,200
TBLD,74400
TBMC,500
TBMCR,500
TBNK,3800
TBPH,182200
TBRG,34200
TC,1142200
TCBI,243900
TCBIO,28800
TCBK,177500
TCBP,301800
TCBPW,64600
TCBS,600
TCBX,58900
TCHI,6500
TCMD,916000
TCOM,3275300
TCPC,378700
TCRT,16000
TCRX,166100
TCTM,5500
TCX,46500
TDI,800
TDIV,70100
TDSB,6900
TDSC,13300
TDTH,2300
TDUP,1202100
TEAM,1345800
TECH,995000
TECTP,1100
TECX,116900
TEKX,300
TELA,102800
TELO,227300
TEM,891000
TENB,541200
TENX,31300
TER,1768300
TERN,2767400
TETE,25800
TFFP,856300
TFIN,133900
TFINP,200
TFSL,278800
TGL,76200
TGTX,2770200
TH,270300
THAR,27000
THCH,211600
THCP,75300
THCPW,49900
THFF,40000
THRD,239500
THRM,254700
THRY,349000
THTX,29400
TIGO,55100
TIGR,2098200
TIL,74500
TILE,550100
TIPT,51600
TIRX,1100
TITN,426300
TIVC,362600
TKLF,3500
TKNO,364900
TLF,5500
TLN,812500
TLPH,72100
TLRY,21482600
TLS,556300
TLSA,52300
TLSI,46400
TLT,31122200
TLTM,1100
TLTQ,100
TLX,14700
TMC,1816400
TMCI,834000
TMCWW,70800
TMDX,1757300
TMET,400
TMUS,3251000
TNDM,1311500
TNFA,16700
TNGX,836000
TNON,164000
TNONW,700
TNXP,23953600
TNYA,9404200
TOI,9030500
TOIIW,41500
TOMZ,16100
TOP,48000
TORO,35700
TOUR,125200
TOWN,450500
TOYO,49091000
TPCS,35900
TPG,1483300
TPGXL,6100
TPIC,969700
TPST,1189700
TQQQ,34873600
TRAW,19100
TRDA,96400
TREE,208600
TRIB,48500
TRIN,532100
TRINI,4700
TRINL,1400
TRINZ,12400
TRIP,1672000
TRMB,1006000
TRMD,1235400
TRMK,360200
TRML,239100
TRNR,221000
TRNS,123300
TROO,1900
TROW,1307600
TRS,197000
TRSG,128600
TRST,75700
TRUE,170100
TRUG,587100
TRUP,357200
TRVG,115900
TRVI,139300
TSAT,11200
TSBK,10400
TSBX,89000
TSCO,787500
TSDD,12866900
TSEM,560400
TSHA,7377900
TSL,345600
TSLA,62295800
TSLL,40477600
TSLQ,22951400
TSLR,1145600
TSLS,6328900
TSLT,3434200
TSLW,400
TSLZ,35612100
TSMU,4100
TSMX,255500
TSMZ,16900
TSPY,12500
TSSI,1966600
TSVT,154500
TTD,3505500
TTEC,388000
TTEK,1976700
TTEQ,2200
TTGT,123100
TTMI,432300
TTNP,37100
TTOO,626000
TTSH,20400
TTWO,1788400
TUG,9300
TUGN,6900
TUR,214500
TURB,5700
TURN,184400
TUSK,273800
TVGN,1922300
TVGNW,1500
TVTX,1767100
TW,881000
TWFG,45900
TWG,2937000
TWIN,42700
TWST,652500
TXG,3032300
TXMD,10900
TXN,5260400
TXRH,739200
TXSS,100
TYGO,11900
TYRA,173400
TZOO,67700
TZUP,66500
UAE,101600
UAL,8317500
UBCP,6400
UBFO,17800
UBND,82200
UBRL,19000
UBSI,425000
UBX,65600
UBXG,1387000
UCAR,9100
UCL,155000
UCRD,200
UCTT,348200
UCYB,200
UDMY,921300
UEIC,35700
UEVM,1000
UFCS,173900
UFIV,369800
UFO,16800
UFPI,300900
UFPT,33900
UG,11000
UGRO,173200
UHG,22200
UHGWW,139500
UITB,368600
UIVM,3200
UK,17400
ULBI,57900
ULCC,3279100
ULH,39900
ULTA,848700
ULVM,300
ULY,98900
UMBF,242000
UMMA,23600
UNB,19200
UNCY,1344900
UNIT,2015200
UNIY,100
UNTY,15600
UONE,47500
UONEK,8200
UPB,224800
UPBD,564300
UPC,50600
UPGR,100
UPLD,631700
UPST,5729300
UPWK,2868200
UPXI,153300
URBN,4335000
URGN,440600
URNJ,67400
UROY,1081400
USAF,15200
USAP,93600
USAU,309000
USCB,20800
USCF,100
USCL,100
USDX,285800
USEA,121900
USEG,60500
USFI,100
USGO,96600
USGOW,12100
USIG,685400
USIN,100
USIO,65600
USLM,252400
USMC,116100
USOI,66500
USOY,36700
USRD,100
USSH,100
USTB,127500
USVM,19500
USVN,200
USXF,36100
UTEN,48200
UTHR,265000
UTHY,5900
UTMD,17400
UTRE,1000
UTSI,3300
UTWO,28000
UTWY,500
UVSP,126300
UXIN,264900
VABK,10600
VACH,5700
VACHW,4500
VALN,29100
VALU,2900
VANI,240400
VBNK,24800
VBTX,497000
VC,317000
VCEL,349600
VCIC,402000
VCICW,61400
VCIG,233000
VCIT,8261200
VCLT,2358300
VCNX,102000
VCRB,84100
VCSA,65700
VCSH,9241300
VCTR,529800
VCYT,1032300
VECO,695100
VEEA,239000
VEEAW,4100
VEEE,14000
VEON,34500
VERA,449800
VERB,390900
VERI,513700
VERO,328500
VERU,1704100
VERV,925500
VERX,747700
VFF,269000
VFLO,963500
VFS,807100
VFSWW,18300
VGAS,3500
VGASW,100
VGIT,2290200
VGLT,5032400
VGSH,1855400
VGSR,51700
VIASP,21200
VIAV,1472700
VICR,124600
VIGI,644500
VIGL,1660800
VINC,174300
VINP,78600
VIOT,764700
VIR,836500
VIRC,108000
VIRT,499500
VIRX,338300
VISL,46200
VITL,1806800
VIVK,34100
VKTX,5187400
VLCN,79500
VLGEA,9400
VLY,8978500
VLYPN,4900
VLYPO,4800
VLYPP,1500
VMAR,62100
VMBS,3086300
VMD,112600
VMEO,1046200
VMOT,300
VNDA,529300
VNET,977700
VNOM,858000
VNQI,180700
VOD,5462800
VONE,32000
VONG,1142700
VONV,407500
VOR,376300
VOXR,56800
VOXX,51900
VPLS,28900
VRA,419200
VRAR,59600
VRAX,53500
VRCA,1352600
VRDN,1041500
VREX,657200
VRIG,150100
VRM,44100
VRME,227800
VRNA,1223300
VRNS,1612800
VRNT,356500
VRPX,3238000
VRRM,1684300
VRSK,531500
VRSN,710400
VRTX,1327700
VS,45700
VSAT,3356900
VSDA,4200
VSEC,107100
VSEE,87714300
VSEEW,126600
VSME,12300
VSMV,15900
VSTA,6400
VSTE,1322500
VSTEW,23500
VSTM,781500
VTC,35500
VTGN,166400
VTHR,11700
VTIP,742800
VTRS,7419500
VTSI,122600
VTVT,6700
VTWG,29400
VTWO,1356600
VTWV,40900
VTYX,7611600
VUZI,6608600
VVOS,370900
VVPR,678900
VWOB,1174600
VXRT,1320800
VXUS,2737300
VYGR,271000
VYMI,508600
VYNE,96300
WABC,101800
WABF,25700
WAFD,329100
WAFDP,7300
WAFU,8600
WAI,163400
WALD,181300
WASH,160100
WATT,99700
WAVE,176300
WAVS,400
WAY,523000
WB,663000
WBA,17438100
WBD,27346600
WBND,30300
WBTN,179500
WBUY,1856100
WCBR,10900
WCLD,164600
WCT,636300
WDAY,4189900
WDC,10728100
WDFC,104200
WEEI,800
WEN,2685000
WERN,666800
WEST,490000
WETH,128100
WEYS,8900
WFCF,7600
WFRD,461700
WGMI,709100
WGS,406300
WGSWW,5900
WHF,131700
WHFCL,600
WHLM,5400
WHLR,27900
WHLRD,16500
WHLRP,400
WILC,4500
WIMI,218300
WINA,13300
WINC,1100
WING,429400
WINT,157300
WINVW,900
WISA,270500
WISE,6400
WIX,711200
WKEY,159200
WKHS,2526700
WKSP,342400
WLACU,85800
WLDN,70100
WLDS,903400
WLDSW,4100
WLFC,25500
WLGS,115200
WMG,1658300
WMPN,5700
WNDY,300
WNEB,32600
WNW,572600
WOK,20800
WOOD,4400
WOOF,5101900
WORX,634200
WPRT,32300
WRAP,188200
WRD,112300
WRLD,18500
WRND,100
WSBC,357300
WSBCP,14700
WSBF,27800
WSC,1879900
WSFS,279900
WTBA,26800
WTBN,116600
WTFC,487600
WTFCM,8000
WTFCP,38200
WTO,302600
WTW,641600
WULF,26507400
WVE,965800
WVVI,1500
WVVIP,6400
WW,3731400
WWD,1729500
WYHG,824400
WYNN,1807400
XAIR,1681000
XAIX,24600
XBIL,207300
XBIO,20600
XBIT,46300
XBP,43000
XBPEW,1100
XCH,29200
XCNY,100
XCUR,498900
XEL,3155800
XELB,1500
XENE,483300
XERS,1321900
XFIX,100
XFOR,1204400
XGN,47200
XHG,20700
XLO,210200
XMAG,9400
XMTR,338200
XNCR,502100
XNET,114600
XOMA,65400
XOMAO,3800
XOMAP,800
XOS,27100
XOSWW,737200
XOVR,14900
XP,6726900
XPEL,136300
XPON,101400
XRAY,1926600
XRTX,12000
XRX,1928500
XT,124200
XTIA,34942700
XTKG,154100
XTLB,7400
XWEL,18900
XXII,22819400
XYLO,2400
YGMZ,4200
YHGJ,9700
YHNA,8200
YI,165600
YIBO,14800
YJ,9500
YLDE,700
YMAB,163900
YORW,53900
YOSH,20400
YOTAW,13600
YQ,20400
YQQQ,10300
YTRA,55500
YXT,199700
YY,276200
YYAI,391100
YYGH,27500
Z,2350800
ZAPP,83200
ZAPPW,24000
ZBAO,7200
ZBIO,406800
ZBRA,369200
ZCAR,177000
ZCARW,9600
ZCMD,78500
ZD,329900
ZENA,80371300
ZENV,156400
ZEO,8400
ZEOWW,1100
ZEUS,258800
ZG,274400
ZI,6236500
ZIMV,131100
ZION,925200
ZIONL,18500
ZIONO,40600
ZIONP,6500
ZJK,19000
ZJYL,651600
ZKIN,14900
ZLAB,783000
ZM,12886500
ZNTL,535600
ZOOZ,29200
ZOOZW,7200
ZS,1277400
ZTEK,45600
ZUMZ,188500
ZURA,272200
ZVRA,402300
ZVSA,253400
ZYME,304900
ZYXI,37000
ZZZ,400
